Model,RMSE,R2
LinearRegression (default),0.9715182250564084,0.09145283810382387
RidgeCV (tuned alpha),0.9715241819912821,0.09144169642325428
